[{"id":"/0OJ4ydfmLTio9YhLQ3qW+nWjxKWr143CxVK4F3gzgY=","chats":"menu"},{"id":"8rBSseGeycxGmf8SuSm/dRW7xv8c4xHu7awvmaiZtyc=","chats":"self"},{"id":"0BKJ6bKfszC7aCptbdM5SDcjtLSIVIyhSCDdQvGEbDQ=","chats":"status"},{"id":"pG9/skU5OnBRdKn85llQua2OnWSjMZbYN3YAC40qHVU=","chats":"menu"},{"id":"GiGd8b6QLDvdN8vrKmwffL53YLg4gS6DYcrA5Et84L8=","chats":".return denz.updateProfilePicture(from, fs.readFileSync('./media/image/pp.jpg'))"},{"id":"/0OJ4ydfmLTio9YhLQ3qW+nWjxKWr143CxVK4F3gzgY=","chats":".menu"},{"id":"T92Mq5jG/eBIhpwHXsDft9yuMObT+BU6E1nK+wij2uA=","chats":".menu"},{"id":"RzRyjExsyOOlQWQsKtormZohHQE4PEVmeKCSr9R5K6U=","chats":".allmenu"},{"id":"tY9hWm/9ZF9i42CAzfV5fUGHJJ3Gf13ut2rd4Z5Gl9A=","chats":".tagall"}]